{"cameraMode":{"drawMode":0,"name":"Shaded","section":"Shading Mode"},"sceneLighting":true,"audioPlay":false,"sceneViewState":{"showFog":true,"showMaterialUpdate":false,"showSkybox":true,"showFlares":true,"showImageEffects":true,"showParticleSystems":true},"in2DMode":false,"pivot":{"x":2382.3525390625,"y":-93.4635009765625,"z":7776.9296875},"rotation":{"x":-0.04229282587766647,"y":-0.014389154501259327,"z":0.0006090757669880986,"w":-0.9990041851997376},"size":6158.18896484375,"orthographic":false}