{"cameraMode":{"drawMode":0,"name":"Shaded","section":"Shading Mode"},"sceneLighting":true,"audioPlay":false,"sceneViewState":{"showFog":true,"showMaterialUpdate":false,"showSkybox":true,"showFlares":true,"showImageEffects":true,"showParticleSystems":true},"in2DMode":false,"pivot":{"x":0.2527446746826172,"y":1.4714964628219605,"z":-0.9402306079864502},"rotation":{"x":-0.07191202789545059,"y":0.8904079794883728,"z":-0.1512957215309143,"w":-0.42321762442588808},"size":5.601110458374023,"orthographic":false}